DATASET_TITLE,"Domestic Energy Consumption, 2005",,,,,,FROM,Jan-2005,Jan-2005,Jan-2005,Jan-2005,Jan-2005,Jan-2005,Jan-2005,Jan-2005,Jan-2005,Jan-2005
AREA_TYPE,Local Authority,,,,,,TO,Dec-2005,Dec-2005,Dec-2005,Dec-2005,Dec-2005,Dec-2005,Dec-2005,Dec-2005,Dec-2005,Dec-2005
GEO_HIERARCHY,2001 Statistical Geography Hierarchy,,,,,,HEADING,Total Consumption of Domestic Electricity and Gas,Consumption of Ordinary Domestic Electricity,Consumption of Economy 7 Domestic Electricity,Consumption of Domestic Gas,Number of Ordinary Domestic Electricity meters,Average Consumption of Ordinary Domestic Electricity,Number of Economy 7 Domestic Electricity meters,Average Consumption of Economy 7 Domestic Electricity,Number of Domestic Gas meters,Average Consumption of Domestic Gas
,,,,,,,MEASUREMENT_UNIT,Count,Count,Count,Count,Count,Average,Count,Average,Count,Average
,,,,,,,STATISTICAL_UNIT,Megawatt Hours,Megawatt Hours,Megawatt Hours,Megawatt Hours,Meter Points,Kilowatt Hours,Meter Points,Kilowatt Hours,Meter Points,Kilowatt Hours
GOR_CODE,GOR_NAME,CTY_CODE,CTY_NAME,LA_CODE,LA_NAME,AREA_METADATA,,DATA_VALUE,DATA_VALUE,DATA_VALUE,DATA_VALUE,DATA_VALUE,DATA_VALUE,DATA_VALUE,DATA_VALUE,DATA_VALUE,DATA_VALUE
"E12000001","North East",,,"E06000001","Hartlepool",,,869886,138268,16447,715172,38934,3551,2614,6292,38584,18535
"E12000001","North East",,,"E06000002","Middlesbrough",,,1283728,201243,32014,1050471,54798,3672,5615,5702,56712,18523
"E12000001","North East",,,"E06000003","Redcar and Cleveland",,,1309222,212633,34695,1061894,57040,3728,5432,6387,56952,18645
"E12000001","North East",,,"E06000004","Stockton-on-Tees",,,1753511,289814,31618,1432080,75039,3862,5252,6020,74654,19183
"E12000001","North East",,,"E06000005","Darlington",,,1031025,161814,30875,838336,43011,3762,4600,6712,42792,19591
"E12000001","North East",,,"E06000047","Durham",,,5005605,768917,95719,4140970,214706,3581,12779,7490,200518,20651
"E12000001","North East",,,"E06000048","Northumberland",,,2894444,511177,131555,2251710,129529,3946,17288,7610,108898,20677
"E12000001","North East",,,"E08000020","Gateshead",,,2058651,299078,41580,1717993,85156,3512,6747,6163,84194,20405
"E12000001","North East",,,"E08000021","Newcastle upon Tyne",,,2653362,392813,97913,2162637,109560,3585,14670,6674,105880,20425
"E12000001","North East",,,"E08000022","North Tyneside",,,2065594,311354,43757,1710484,86482,3600,7196,6081,85759,19945
"E12000001","North East",,,"E08000023","South Tyneside",,,1497001,227747,16008,1253246,66290,3436,2492,6424,65489,19137
"E12000001","North East",,,"E08000024","Sunderland",,,2836883,422454,38765,2375665,118330,3570,6557,5912,116971,20310
"E12000002","North West",,,"E06000006","Halton",,,1124589,201555,15147,907887,50470,3994,2058,7360,51057,17782
"E12000002","North West",,,"E06000007","Warrington",,,1902008,327107,31200,1543701,78984,4141,4267,7312,80810,19103
"E12000002","North West",,,"E06000008","Blackburn with Darwen",,,1350146,204284,45540,1100322,49400,4135,5261,8656,54630,20141
"E12000002","North West",,,"E06000009","Blackpool",,,1468387,230916,69800,1167670,52867,4368,8796,7935,60776,19213
"E12000002","North West",,,"E06000049","Cheshire East",,,3630316,620153,151531,2858632,136514,4543,17059,8883,135612,21079
"E12000002","North West",,,"E06000050","Cheshire West and Chester",,,3064801,560697,87370,2416734,131723,4257,10257,8518,125805,19210
"E12000002","North West","E10000006","Cumbria","E07000026","Allerdale",,,883927,145166,54657,684104,35006,4147,5664,9650,34877,19615
"E12000002","North West","E10000006","Cumbria","E07000027","Barrow-in-Furness",,,642509,105227,20473,516809,27565,3817,2726,7510,31027,16657
"E12000002","North West","E10000006","Cumbria","E07000028","Carlisle",,,964183,161194,49473,753515,39075,4125,5290,9352,39953,18860
"E12000002","North West","E10000006","Cumbria","E07000029","Copeland",,,663151,100060,38714,524378,25259,3961,4048,9564,26969,19444
"E12000002","North West","E10000006","Cumbria","E07000030","Eden",,,331094,74856,65273,190965,16516,4532,5976,10922,9598,19896
"E12000002","North West","E10000006","Cumbria","E07000031","South Lakeland",,,999791,160481,104267,735043,38076,4215,10803,9652,36802,19973
"E12000002","North West","E10000017","Lancashire","E07000117","Burnley",,,886011,137818,19965,728228,34207,4029,2607,7658,38166,19081
"E12000002","North West","E10000017","Lancashire","E07000118","Chorley",,,1007767,165858,27812,814097,37405,4434,3363,8270,40601,20051
"E12000002","North West","E10000017","Lancashire","E07000119","Fylde",,,803596,124225,43527,635844,27576,4505,5229,8324,29731,21387
"E12000002","North West","E10000017","Lancashire","E07000120","Hyndburn",,,793079,119765,25315,647999,30181,3968,3025,8368,34110,18997
"E12000002","North West","E10000017","Lancashire","E07000121","Lancaster",,,1225962,195299,59969,970694,48256,4047,7231,8293,51302,18921
"E12000002","North West","E10000017","Lancashire","E07000122","Pendle",,,877028,133279,26073,717677,33135,4022,3544,7357,36865,19468
"E12000002","North West","E10000017","Lancashire","E07000123","Preston",,,1221785,198116,47637,976032,48303,4102,5953,8002,52341,18648
"E12000002","North West","E10000017","Lancashire","E07000124","Ribble Valley",,,546040,93259,25616,427165,19441,4797,2580,9929,19190,22260
"E12000002","North West","E10000017","Lancashire","E07000125","Rossendale",,,744617,110932,18498,615186,25262,4391,2242,8251,28192,21821
"E12000002","North West","E10000017","Lancashire","E07000126","South Ribble",,,1032280,171789,23818,836673,39141,4389,2969,8022,43229,19354
"E12000002","North West","E10000017","Lancashire","E07000127","West Lancashire",,,1043752,181691,38736,823326,38689,4696,4398,8808,39159,21025
"E12000002","North West","E10000017","Lancashire","E07000128","Wyre",,,1073220,174599,48165,850456,38631,4520,5747,8381,42128,20187
"E12000002","North West",,,"E08000001","Bolton",,,2642256,409202,92260,2140793,97951,4178,11994,7692,109031,19635
"E12000002","North West",,,"E08000002","Bury",,,1898670,289660,51201,1557809,67433,4296,6718,7622,75309,20686
"E12000002","North West",,,"E08000003","Manchester",,,3948963,646594,169245,3133124,169085,3824,21977,7701,170640,18361
"E12000002","North West",,,"E08000004","Oldham",,,2119392,330633,41854,1746904,82346,4015,5311,7881,86286,20246
"E12000002","North West",,,"E08000005","Rochdale",,,2005879,317377,49514,1638988,76861,4129,6358,7788,83513,19626
"E12000002","North West",,,"E08000006","Salford",,,2084063,339638,91654,1652772,85357,3979,11617,7890,89847,18395
"E12000002","North West",,,"E08000007","Stockport",,,3034101,458052,93451,2482599,104744,4373,12297,7599,114176,21744
"E12000002","North West",,,"E08000008","Tameside",,,2122491,340084,50687,1731721,83760,4060,6694,7572,91819,18860
"E12000002","North West",,,"E08000009","Trafford",,,2325747,358428,65802,1901518,81141,4417,8972,7334,87813,21654
"E12000002","North West",,,"E08000010","Wigan",,,2895732,465975,78631,2351126,115155,4046,9943,7908,126741,18551
"E12000002","North West",,,"E08000011","Knowsley",,,1328737,255251,16278,1057208,61360,4160,2106,7729,60482,17480
"E12000002","North West",,,"E08000012","Liverpool",,,4124941,772160,94027,3258754,194193,3976,11547,8143,186829,17442
"E12000002","North West",,,"E08000013","St. Helens",,,1676874,283320,19191,1374364,72145,3927,2743,6996,74672,18405
"E12000002","North West",,,"E08000014","Sefton",,,2832322,483109,58484,2290728,115273,4191,7570,7726,113861,20119
"E12000002","North West",,,"E08000015","Wirral",,,3247963,555507,63127,2629328,136152,4080,8996,7017,134018,19619
"E12000003","Yorkshire and The Humber",,,"E06000010","Kingston upon Hull, City of",,,2237952,392208,92990,1752754,105270,3726,13215,7037,104946,16701
"E12000003","Yorkshire and The Humber",,,"E06000011","East Riding of Yorkshire",,,3031245,556712,131266,2343267,129898,4286,16513,7949,117788,19894
"E12000003","Yorkshire and The Humber",,,"E06000012","North East Lincolnshire",,,1508350,266455,33035,1208860,65872,4045,4753,6950,66961,18053
"E12000003","Yorkshire and The Humber",,,"E06000013","North Lincolnshire",,,1503967,269045,36593,1198328,65779,4090,4702,7782,61167,19591
"E12000003","Yorkshire and The Humber",,,"E06000014","York",,,1770364,285843,70638,1413882,73792,3874,11538,6122,74299,19030
"E12000003","Yorkshire and The Humber","E10000023","North Yorkshire","E07000163","Craven",,,514648,90536,37070,387042,21016,4308,3800,9755,19211,20147
"E12000003","Yorkshire and The Humber","E10000023","North Yorkshire","E07000164","Hambleton",,,628843,143631,49852,435360,31570,4550,6599,7555,21755,20012
"E12000003","Yorkshire and The Humber","E10000023","North Yorkshire","E07000165","Harrogate",,,1505170,267797,70920,1166453,59651,4489,9105,7789,54034,21587
"E12000003","Yorkshire and The Humber","E10000023","North Yorkshire","E07000166","Richmondshire",,,351817,76372,37752,237693,17521,4359,4739,7966,11431,20794
"E12000003","Yorkshire and The Humber","E10000023","North Yorkshire","E07000167","Ryedale",,,352762,84029,39453,229280,18819,4465,4777,8259,11913,19246
"E12000003","Yorkshire and The Humber","E10000023","North Yorkshire","E07000168","Scarborough",,,1087679,176816,67086,843777,45430,3892,9905,6773,43540,19379
"E12000003","Yorkshire and The Humber","E10000023","North Yorkshire","E07000169","Selby",,,615901,126443,45720,443737,28040,4509,5827,7846,23186,19138
"E12000003","Yorkshire and The Humber",,,"E08000016","Barnsley",,,2225211,362992,20291,1841928,98035,3703,2756,7362,94010,19593
"E12000003","Yorkshire and The Humber",,,"E08000017","Doncaster",,,2828302,481171,38026,2309105,122865,3916,5440,6990,118531,19481
"E12000003","Yorkshire and The Humber",,,"E08000018","Rotherham",,,2496426,403433,31307,2061686,105490,3824,4550,6881,103581,19904
"E12000003","Yorkshire and The Humber",,,"E08000019","Sheffield",,,5153228,809663,95845,4247720,216458,3741,15031,6376,214434,19809
"E12000003","Yorkshire and The Humber",,,"E08000032","Bradford",,,4786549,766387,132712,3887450,184662,4150,18721,7089,185977,20903
"E12000003","Yorkshire and The Humber",,,"E08000033","Calderdale",,,2056361,339257,61236,1655869,81827,4146,8261,7413,82227,20138
"E12000003","Yorkshire and The Humber",,,"E08000034","Kirklees",,,4031450,657870,89318,3284262,161168,4082,12808,6974,163698,20063
"E12000003","Yorkshire and The Humber",,,"E08000035","Leeds",,,7083406,1189050,291531,5602825,288280,4125,41981,6944,289827,19332
"E12000003","Yorkshire and The Humber",,,"E08000036","Wakefield",,,3058062,503738,81460,2472864,131936,3818,10604,7682,127454,19402
"E12000004","East Midlands",,,"E06000015","Derby",,,2146317,173646,273554,1699117,49976,3475,55613,4919,96535,17601
"E12000004","East Midlands",,,"E06000016","Leicester",,,2678450,263511,222010,2192929,77260,3411,48601,4568,112585,19478
"E12000004","East Midlands",,,"E06000017","Rutland",,,319429,26270,57294,235865,6315,4160,9079,6311,11197,21065
"E12000004","East Midlands",,,"E06000018","Nottingham",,,2547392,280793,247878,2018721,81353,3452,50249,4933,112308,17975
"E12000004","East Midlands","E10000007","Derbyshire","E07000032","Amber Valley",,,1214977,97471,143458,974049,26831,3633,26350,5444,48410,20121
"E12000004","East Midlands","E10000007","Derbyshire","E07000033","Bolsover",,,695148,76429,54308,564411,21615,3536,11410,4760,28702,19665
"E12000004","East Midlands","E10000007","Derbyshire","E07000034","Chesterfield",,,1011750,100355,79494,831901,30354,3306,17671,4499,44867,18541
"E12000004","East Midlands","E10000007","Derbyshire","E07000035","Derbyshire Dales",,,691046,55758,109755,525534,14924,3736,17208,6378,23934,21958
"E12000004","East Midlands","E10000007","Derbyshire","E07000036","Erewash",,,1083679,82680,126989,874009,23281,3551,25529,4974,46591,18759
"E12000004","East Midlands","E10000007","Derbyshire","E07000037","High Peak",,,946045,139905,40727,765413,31638,4422,4732,8607,35440,21597
"E12000004","East Midlands","E10000007","Derbyshire","E07000038","North East Derbyshire",,,977573,109797,66801,800975,29623,3706,12620,5293,39025,20525
"E12000004","East Midlands","E10000007","Derbyshire","E07000039","South Derbyshire",,,780431,63766,109776,606889,16358,3898,19768,5553,31607,19201
"E12000004","East Midlands","E10000018","Leicestershire","E07000129","Blaby",,,907508,62675,109468,735365,16504,3798,21171,5171,36058,20394
"E12000004","East Midlands","E10000018","Leicestershire","E07000130","Charnwood",,,1498781,115034,175131,1208615,31045,3705,34141,5130,61332,19706
"E12000004","East Midlands","E10000018","Leicestershire","E07000131","Harborough",,,768716,61510,115236,591969,14647,4200,19190,6005,27517,21513
"E12000004","East Midlands","E10000018","Leicestershire","E07000132","Hinckley and Bosworth",,,981329,65822,140886,774621,17876,3682,27174,5185,39422,19649
"E12000004","East Midlands","E10000018","Leicestershire","E07000133","Melton",,,423694,36035,75604,312054,8907,4046,12422,6086,15902,19624
"E12000004","East Midlands","E10000018","Leicestershire","E07000134","North West Leicestershire",,,848582,70290,116053,662240,18402,3820,20776,5586,31940,20734
"E12000004","East Midlands","E10000018","Leicestershire","E07000135","Oadby and Wigston",,,541193,38640,56948,445605,10595,3647,11589,4914,21496,20730
"E12000004","East Midlands","E10000019","Lincolnshire","E07000136","Boston",,,499595,48269,85870,365456,12885,3746,14506,5920,19212,19022
"E12000004","East Midlands","E10000019","Lincolnshire","E07000137","East Lindsey",,,996540,133919,195527,667094,32479,4123,30109,6494,35075,19019
"E12000004","East Midlands","E10000019","Lincolnshire","E07000138","Lincoln",,,795956,81428,83889,630639,24093,3380,18644,4500,37334,16892
"E12000004","East Midlands","E10000019","Lincolnshire","E07000139","North Kesteven",,,808958,72952,144843,591163,19216,3796,25441,5693,30979,19083
"E12000004","East Midlands","E10000019","Lincolnshire","E07000140","South Holland",,,653999,60654,132913,460432,14901,4070,22388,5937,23752,19385
"E12000004","East Midlands","E10000019","Lincolnshire","E07000141","South Kesteven",,,1071624,100408,186237,784979,25846,3885,30827,6041,41673,18837
"E12000004","East Midlands","E10000019","Lincolnshire","E07000142","West Lindsey",,,697854,112701,75327,509825,26183,4304,11545,6525,26608,19161
"E12000004","East Midlands","E10000021","Northamptonshire","E07000150","Corby",,,541184,62026,40874,438284,16199,3829,7911,5167,22583,19408
"E12000004","East Midlands","E10000021","Northamptonshire","E07000151","Daventry",,,625220,64130,122771,438320,14206,4514,18710,6562,22041,19887
"E12000004","East Midlands","E10000021","Northamptonshire","E07000152","East Northamptonshire",,,725338,75560,105793,543985,18370,4113,17545,6030,28580,19034
"E12000004","East Midlands","E10000021","Northamptonshire","E07000153","Kettering",,,848985,82679,95826,670480,21365,3870,17644,5431,35153,19073
"E12000004","East Midlands","E10000021","Northamptonshire","E07000154","Northampton",,,1875481,197269,209993,1468219,51776,3810,41391,5073,82063,17891
"E12000004","East Midlands","E10000021","Northamptonshire","E07000155","South Northamptonshire",,,709865,72962,132180,504723,15729,4639,19456,6794,25158,20062
"E12000004","East Midlands","E10000021","Northamptonshire","E07000156","Wellingborough",,,697417,68258,78879,550280,17601,3878,14511,5436,29406,18713
"E12000004","East Midlands","E10000024","Nottinghamshire","E07000170","Ashfield",,,1136395,112057,93832,930506,31127,3600,19172,4894,46538,19995
"E12000004","East Midlands","E10000024","Nottinghamshire","E07000171","Bassetlaw",,,948342,118607,103338,726397,30425,3898,18151,5693,36897,19687
"E12000004","East Midlands","E10000024","Nottinghamshire","E07000172","Broxtowe",,,1110042,92807,109458,907778,25846,3591,21723,5039,45595,19910
"E12000004","East Midlands","E10000024","Nottinghamshire","E07000173","Gedling",,,1159107,90216,131843,937049,24436,3692,25040,5265,45145,20756
"E12000004","East Midlands","E10000024","Nottinghamshire","E07000174","Mansfield",,,1018010,103625,75665,838719,30117,3441,16318,4637,41162,20376
"E12000004","East Midlands","E10000024","Nottinghamshire","E07000175","Newark and Sherwood",,,1023765,100239,128171,795355,26104,3840,23023,5567,39886,19941
"E12000004","East Midlands","E10000024","Nottinghamshire","E07000176","Rushcliffe",,,1107246,85026,133165,889055,21728,3913,23913,5569,41078,21643
"E12000005","West Midlands",,,"E06000019","Herefordshire, County of",,,1199992,260111,158582,781300,55027,4727,18025,8798,45924,17013
"E12000005","West Midlands",,,"E06000020","Telford and Wrekin",,,1354161,222659,50344,1081158,51680,4308,7150,7041,61460,17591
"E12000005","West Midlands",,,"E06000021","Stoke-on-Trent",,,2313803,317510,78187,1918106,85914,3696,10880,7186,103357,18558
"E12000005","West Midlands",,,"E06000051","Shropshire",,,2089621,436869,205763,1446990,96512,4527,23027,8936,80145,18055
"E12000005","West Midlands","E10000028","Staffordshire","E07000192","Cannock Chase",,,908441,132801,38590,737049,30339,4377,5426,7112,36730,20067
"E12000005","West Midlands","E10000028","Staffordshire","E07000193","East Staffordshire",,,947142,81238,143335,722570,20793,3907,25858,5543,39075,18492
"E12000005","West Midlands","E10000028","Staffordshire","E07000194","Lichfield",,,953686,136318,56978,760390,28681,4753,7628,7470,36049,21093
"E12000005","West Midlands","E10000028","Staffordshire","E07000195","Newcastle-under-Lyme",,,1191946,167498,42310,982138,41217,4064,5759,7347,47814,20541
"E12000005","West Midlands","E10000028","Staffordshire","E07000196","South Staffordshire",,,986450,162466,43118,780866,34289,4738,5467,7887,37949,20577
"E12000005","West Midlands","E10000028","Staffordshire","E07000197","Stafford",,,1121326,172184,74357,874784,38760,4442,9862,7540,43776,19983
"E12000005","West Midlands","E10000028","Staffordshire","E07000198","Staffordshire Moorlands",,,899849,136473,42478,720898,31305,4359,5092,8342,33891,21271
"E12000005","West Midlands","E10000028","Staffordshire","E07000199","Tamworth",,,664473,65332,83490,515652,16232,4025,15224,5484,28237,18262
"E12000005","West Midlands","E10000031","Warwickshire","E07000218","North Warwickshire",,,563173,60871,74122,428180,13886,4384,12025,6164,21113,20280
"E12000005","West Midlands","E10000031","Warwickshire","E07000219","Nuneaton and Bedworth",,,1110412,96804,139930,873677,26382,3669,27159,5152,47227,18500
"E12000005","West Midlands","E10000031","Warwickshire","E07000220","Rugby",,,879675,80230,122123,677322,20049,4002,20999,5816,34815,19455
"E12000005","West Midlands","E10000031","Warwickshire","E07000221","Stratford-on-Avon",,,942921,150238,144761,647922,30448,4934,18166,7969,33589,19290
"E12000005","West Midlands","E10000031","Warwickshire","E07000222","Warwick",,,1227275,118392,166610,942273,29927,3956,29111,5723,49169,19164
"E12000005","West Midlands","E10000034","Worcestershire","E07000234","Bromsgrove",,,931757,143878,40027,747852,28816,4993,4933,8114,34371,21758
"E12000005","West Midlands","E10000034","Worcestershire","E07000235","Malvern Hills",,,550235,114504,64580,371151,23287,4917,6827,9460,19473,19060
"E12000005","West Midlands","E10000034","Worcestershire","E07000236","Redditch",,,718284,119249,23605,575430,26604,4482,3720,6346,32533,17688
"E12000005","West Midlands","E10000034","Worcestershire","E07000237","Worcester",,,826679,136789,41161,648730,32401,4222,5977,6887,38210,16978
"E12000005","West Midlands","E10000034","Worcestershire","E07000238","Wychavon",,,909751,176854,88929,643967,35408,4995,10066,8835,35062,18367
"E12000005","West Midlands","E10000034","Worcestershire","E07000239","Wyre Forest",,,876048,147497,45025,683526,32739,4505,6126,7350,37217,18366
"E12000005","West Midlands",,,"E08000025","Birmingham",,,9042344,1362305,415110,7264929,319697,4261,59389,6990,374434,19402
"E12000005","West Midlands",,,"E08000026","Coventry",,,2704596,297213,271275,2136109,80344,3699,52162,5201,120485,17729
"E12000005","West Midlands",,,"E08000027","Dudley",,,2891082,428729,133340,2329013,100205,4279,18520,7200,124393,18723
"E12000005","West Midlands",,,"E08000028","Sandwell",,,2545994,379929,117162,2048903,97234,3907,16899,6933,115726,17705
"E12000005","West Midlands",,,"E08000029","Solihull",,,2046750,307553,105461,1633736,63318,4857,13994,7536,78467,20821
"E12000005","West Midlands",,,"E08000030","Walsall",,,2404808,358350,99750,1946707,84437,4244,13995,7128,100276,19413
"E12000005","West Midlands",,,"E08000031","Wolverhampton",,,2238668,320852,112955,1804862,78826,4070,16317,6923,93951,19211
"E12000006","East of England",,,"E06000031","Peterborough",,,1450010,158067,151822,1140121,42097,3755,29574,5134,64945,17555
"E12000006","East of England",,,"E06000032","Luton",,,1647644,199428,123364,1324852,51201,3895,23170,5324,67195,19717
"E12000006","East of England",,,"E06000033","Southend-on-Sea",,,1755093,199434,157386,1398273,49168,4056,28557,5511,70097,19948
"E12000006","East of England",,,"E06000034","Thurrock",,,1224552,158367,151252,914934,37927,4176,26378,5734,53524,17094
"E12000006","East of England",,,"E06000055","Bedford",,,1282809,150882,152010,979917,38413,3928,26278,5785,52485,18670
"E12000006","East of England",,,"E06000056","Central Bedfordshire",,,2153664,267536,245981,1640148,62164,4304,40886,6016,87147,18820
"E12000006","East of England","E10000003","Cambridgeshire","E07000008","Cambridge",,,936850,113419,83234,740197,30068,3772,15995,5204,40502,18276
"E12000006","East of England","E10000003","Cambridgeshire","E07000009","East Cambridgeshire",,,570392,83743,95233,391415,19366,4324,14237,6689,20981,18656
"E12000006","East of England","E10000003","Cambridgeshire","E07000010","Fenland",,,759513,92731,110789,555993,22499,4122,18079,6128,29762,18681
"E12000006","East of England","E10000003","Cambridgeshire","E07000011","Huntingdonshire",,,1359365,163890,181372,1014103,38014,4311,30680,5912,55251,18354
"E12000006","East of England","E10000003","Cambridgeshire","E07000012","South Cambridgeshire",,,1013031,149766,168821,694444,33141,4519,24749,6821,35267,19691
"E12000006","East of England","E10000012","Essex","E07000066","Basildon",,,1539792,193929,158556,1187307,46666,4156,27064,5859,66136,17953
"E12000006","East of England","E10000012","Essex","E07000067","Braintree",,,1102060,145383,167426,789252,34381,4229,25858,6475,43207,18267
"E12000006","East of England","E10000012","Essex","E07000068","Brentwood",,,782718,98246,61735,622737,21439,4583,9633,6409,28169,22107
"E12000006","East of England","E10000012","Essex","E07000069","Castle Point",,,898260,105386,78902,713973,24077,4377,13143,6003,33912,21054
"E12000006","East of England","E10000012","Essex","E07000070","Chelmsford",,,1403010,186096,178056,1038857,41467,4488,27676,6434,54750,18975
"E12000006","East of England","E10000012","Essex","E07000071","Colchester",,,1342759,168206,167281,1007272,41629,4041,28488,5872,54846,18365
"E12000006","East of England","E10000012","Essex","E07000072","Epping Forest",,,1236857,194419,90772,951666,40164,4841,13145,6905,44714,21283
"E12000006","East of England","E10000012","Essex","E07000073","Harlow",,,699206,86192,58961,554053,22759,3787,12466,4730,32879,16851
"E12000006","East of England","E10000012","Essex","E07000074","Maldon",,,436994,68501,82796,285696,14597,4693,11583,7148,15329,18638
"E12000006","East of England","E10000012","Essex","E07000075","Rochford",,,809188,100958,67725,640504,22397,4508,11335,5975,30265,21163
"E12000006","East of England","E10000012","Essex","E07000076","Tendring",,,1275202,148411,169688,957103,38656,3839,27286,6219,51991,18409
"E12000006","East of England","E10000012","Essex","E07000077","Uttlesford",,,586578,86790,91364,408424,18129,4787,12797,7140,19126,21354
"E12000006","East of England","E10000015","Hertfordshire","E07000095","Broxbourne",,,804829,108577,78933,617319,24853,4369,14211,5554,33264,18558
"E12000006","East of England","E10000015","Hertfordshire","E07000096","Dacorum",,,1353875,178053,107469,1068352,41498,4291,18131,5927,53382,20013
"E12000006","East of England","E10000015","Hertfordshire","E07000097","East Hertfordshire",,,1204565,154965,155873,893726,33398,4640,23813,6546,43928,20345
"E12000006","East of England","E10000015","Hertfordshire","E07000098","Hertsmere",,,992136,118926,84829,788381,25856,4600,14183,5981,36712,21475
"E12000006","East of England","E10000015","Hertfordshire","E07000099","North Hertfordshire",,,1103071,148141,106464,848466,35341,4192,17129,6215,44070,19253
"E12000006","East of England","E10000015","Hertfordshire","E07000100","St Albans",,,1389774,186349,90195,1113230,42040,4433,14765,6109,51955,21427
"E12000006","East of England","E10000015","Hertfordshire","E07000101","Stevenage",,,691402,103262,40890,547250,26589,3884,7865,5199,31981,17112
"E12000006","East of England","E10000015","Hertfordshire","E07000102","Three Rivers",,,888090,108170,71739,708181,23300,4642,11871,6043,31601,22410
"E12000006","East of England","E10000015","Hertfordshire","E07000103","Watford",,,786470,90053,68512,627905,22663,3974,13427,5103,31754,19774
"E12000006","East of England","E10000015","Hertfordshire","E07000104","Welwyn Hatfield",,,972264,134069,68936,769258,32200,4164,11950,5769,40041,19212
"E12000006","East of England","E10000020","Norfolk","E07000143","Breckland",,,804346,110251,188960,505134,26490,4162,28514,6627,28322,17835
"E12000006","East of England","E10000020","Norfolk","E07000144","Broadland",,,1014155,128958,135456,749741,32386,3982,21418,6324,39642,18913
"E12000006","East of England","E10000020","Norfolk","E07000145","Great Yarmouth",,,704431,84611,126976,492843,22310,3793,20877,6082,29933,16465
"E12000006","East of England","E10000020","Norfolk","E07000146","King's Lynn and West Norfolk",,,942744,128061,255198,559485,30873,4148,36659,6961,31459,17785
"E12000006","East of England","E10000020","Norfolk","E07000147","North Norfolk",,,713144,94366,187157,431620,25012,3773,26884,6962,24151,17872
"E12000006","East of England","E10000020","Norfolk","E07000148","Norwich",,,1115302,125828,94602,894871,39707,3169,21130,4477,55073,16249
"E12000006","East of England","E10000020","Norfolk","E07000149","South Norfolk",,,727452,105374,177924,444154,25118,4195,25817,6892,23851,18622
"E12000006","East of England","E10000029","Suffolk","E07000200","Babergh",,,612259,82597,126567,403094,19615,4211,17925,7061,22067,18267
"E12000006","East of England","E10000029","Suffolk","E07000201","Forest Heath",,,404995,52611,95288,257096,12538,4196,12292,7752,14569,17647
"E12000006","East of England","E10000029","Suffolk","E07000202","Ipswich",,,1048603,118056,127263,803283,32520,3630,23512,5413,47579,16883
"E12000006","East of England","E10000029","Suffolk","E07000203","Mid Suffolk",,,507992,78216,156061,273716,18159,4307,21064,7409,15917,17196
"E12000006","East of England","E10000029","Suffolk","E07000204","St Edmundsbury",,,756851,98531,128234,530086,24643,3998,20144,6366,29922,17716
"E12000006","East of England","E10000029","Suffolk","E07000205","Suffolk Coastal",,,980490,124073,181858,674559,30750,4035,25343,7176,36375,18545
"E12000006","East of England","E10000029","Suffolk","E07000206","Waveney",,,980810,109393,139972,731445,29953,3652,23934,5848,42656,17148
"E12000007","London",,,"E09000001","City of London",,,62397,20582,5081,36734,4670,4407,850,5977,2432,15105
"E12000007","London",,,"E09000002","Barking and Dagenham",,,1295146,200875,103376,990895,53900,3727,17761,5820,64280,15415
"E12000007","London",,,"E09000003","Barnet",,,3411413,398281,285520,2727611,87112,4572,49512,5767,121215,22502
"E12000007","London",,,"E09000004","Bexley",,,2071889,356457,67934,1647498,84070,4240,9859,6891,86733,18995
"E12000007","London",,,"E09000005","Brent",,,2466106,335888,126730,2003488,86329,3891,22031,5752,98614,20316
"E12000007","London",,,"E09000006","Bromley",,,3220280,477829,136428,2606022,110378,4329,21652,6301,123341,21129
"E12000007","London",,,"E09000007","Camden",,,1610563,330124,42813,1237627,90276,3657,6822,6276,78112,15844
"E12000007","London",,,"E09000008","Croydon",,,3276830,435957,204720,2636153,104244,4182,36326,5636,130694,20170
"E12000007","London",,,"E09000009","Ealing",,,2706864,458877,68933,2179053,114773,3998,10228,6740,114158,19088
"E12000007","London",,,"E09000010","Enfield",,,2591716,321467,247556,2022692,76649,4194,44743,5533,102802,19676
"E12000007","London",,,"E09000011","Greenwich",,,1930603,350617,49215,1530771,93212,3762,7336,6709,90276,16957
"E12000007","London",,,"E09000012","Hackney",,,1671004,295652,51275,1324077,84817,3486,7859,6524,86510,15305
"E12000007","London",,,"E09000013","Hammersmith and Fulham",,,1486013,269228,34054,1182732,73696,3653,5381,6329,73335,16128
"E12000007","London",,,"E09000014","Haringey",,,2139711,257371,163585,1718755,67011,3841,33407,4897,92541,18573
"E12000007","London",,,"E09000015","Harrow",,,2150311,240078,155554,1754678,56888,4220,27799,5596,78538,22342
"E12000007","London",,,"E09000016","Havering",,,2243648,298144,161104,1784400,70104,4253,27631,5831,91882,19421
"E12000007","London",,,"E09000017","Hillingdon",,,2286458,360357,105036,1821064,85123,4233,17646,5952,92991,19583
"E12000007","London",,,"E09000018","Hounslow",,,1894940,344543,57094,1493303,83982,4103,8481,6732,79926,18684
"E12000007","London",,,"E09000019","Islington",,,1578343,284435,40200,1253708,84561,3364,5738,7006,83819,14957
"E12000007","London",,,"E09000020","Kensington and Chelsea",,,1518463,340375,50211,1127876,80256,4241,7603,6604,70550,15987
"E12000007","London",,,"E09000021","Kingston upon Thames",,,1441527,216840,79384,1145303,50172,4322,13191,6018,57443,19938
"E12000007","London",,,"E09000022","Lambeth",,,2371628,416181,56014,1899433,117833,3532,8298,6750,114997,16517
"E12000007","London",,,"E09000023","Lewisham",,,2262817,383257,67189,1812371,103737,3695,10389,6467,105243,17221
"E12000007","London",,,"E09000024","Merton",,,1711374,292038,48647,1370689,71275,4097,7127,6826,73519,18644
"E12000007","London",,,"E09000025","Newham",,,1841819,319261,55270,1467288,88431,3610,8825,6263,89818,16336
"E12000007","London",,,"E09000026","Redbridge",,,2268962,374020,61224,1833718,88478,4227,8937,6851,89898,20398
"E12000007","London",,,"E09000027","Richmond upon Thames",,,1894595,286606,81774,1526215,66408,4316,13623,6003,75761,20145
"E12000007","London",,,"E09000028","Southwark",,,1878755,372675,94299,1411780,106164,3510,13079,7210,100087,14106
"E12000007","London",,,"E09000029","Sutton",,,1688879,242351,120533,1325995,57988,4179,20061,6008,67676,19593
"E12000007","London",,,"E09000030","Tower Hamlets",,,1302391,276679,94634,931079,79717,3471,12967,7298,72059,12921
"E12000007","London",,,"E09000031","Waltham Forest",,,1961268,306671,82996,1571601,80980,3787,13803,6013,88490,17760
"E12000007","London",,,"E09000032","Wandsworth",,,2518609,442506,73164,2002938,117702,3760,10472,6987,115367,17361
"E12000007","London",,,"E09000033","Westminster",,,1765214,419724,87712,1257778,105799,3967,12420,7062,88271,14249
"E12000008","South East",,,"E06000035","Medway",,,2163076,290592,172747,1699737,73517,3953,31669,5455,98453,17264
"E12000008","South East",,,"E06000036","Bracknell Forest",,,966000,184906,37322,743771,38761,4770,5320,7015,39006,19068
"E12000008","South East",,,"E06000037","West Berkshire",,,1195686,273218,89838,832629,53263,5130,9924,9053,42617,19537
"E12000008","South East",,,"E06000038","Reading",,,1301849,230040,67368,1004441,54465,4224,9481,7106,55948,17953
"E12000008","South East",,,"E06000039","Slough",,,941642,160713,39814,741115,40186,3999,6186,6436,42453,17457
"E12000008","South East",,,"E06000040","Windsor and Maidenhead",,,1439842,269028,46702,1124112,54048,4978,5924,7884,51593,21788
"E12000008","South East",,,"E06000041","Wokingham",,,1462548,281882,33836,1146830,55948,5038,4283,7900,54671,20977
"E12000008","South East",,,"E06000042","Milton Keynes",,,1956780,212247,226519,1518015,52605,4035,43130,5252,85010,17857
"E12000008","South East",,,"E06000043","Brighton and Hove",,,2259272,276238,230449,1752585,77388,3570,44386,5192,105154,16667
"E12000008","South East",,,"E06000044","Portsmouth",,,1531742,289231,68659,1173852,75042,3854,10342,6639,76779,15289
"E12000008","South East",,,"E06000045","Southampton",,,1717095,335845,129582,1251669,84047,3996,16477,7864,77662,16117
"E12000008","South East",,,"E06000046","Isle of Wight",,,1167459,221030,93397,853032,54797,4034,12265,7615,51704,16498
"E12000008","South East","E10000002","Buckinghamshire","E07000004","Aylesbury Vale",,,1349231,178693,185064,985473,40721,4388,28031,6602,50556,19493
"E12000008","South East","E10000002","Buckinghamshire","E07000005","Chiltern",,,1028528,151964,61603,814961,29092,5224,8595,7167,32711,24914
"E12000008","South East","E10000002","Buckinghamshire","E07000006","South Bucks",,,752191,140207,17070,594914,24779,5658,1858,9187,23567,25244
"E12000008","South East","E10000002","Buckinghamshire","E07000007","Wycombe",,,1565386,281002,76677,1207707,58184,4830,9857,7779,56040,21551
"E12000008","South East","E10000011","East Sussex","E07000061","Eastbourne",,,801762,100134,82976,618652,29778,3363,15758,5266,38151,16216
"E12000008","South East","E10000011","East Sussex","E07000062","Hastings",,,748925,89253,83324,576348,24734,3609,15953,5223,34590,16662
"E12000008","South East","E10000011","East Sussex","E07000063","Lewes",,,814278,102408,98495,613376,25977,3942,15766,6247,33631,18238
"E12000008","South East","E10000011","East Sussex","E07000064","Rother",,,811394,102162,114473,594759,25704,3975,17011,6729,30304,19626
"E12000008","South East","E10000011","East Sussex","E07000065","Wealden",,,1228397,165390,177277,885730,37856,4369,24418,7260,44315,19987
"E12000008","South East","E10000014","Hampshire","E07000084","Basingstoke and Deane",,,1255398,279027,57854,918517,60151,4639,7011,8252,51554,17817
"E12000008","South East","E10000014","Hampshire","E07000085","East Hampshire",,,1015128,211309,49640,754179,42231,5004,5765,8611,36374,20734
"E12000008","South East","E10000014","Hampshire","E07000086","Eastleigh",,,1048838,198711,30092,820035,45803,4338,4386,6861,45529,18011
"E12000008","South East","E10000014","Hampshire","E07000087","Fareham",,,966486,186536,27982,751968,42409,4399,4163,6722,42406,17733
"E12000008","South East","E10000014","Hampshire","E07000088","Gosport",,,608686,119364,40193,449128,30123,3963,5899,6814,29173,15395
"E12000008","South East","E10000014","Hampshire","E07000089","Hart",,,880099,166547,22813,690739,32927,5058,3051,7477,31529,21908
"E12000008","South East","E10000014","Hampshire","E07000090","Havant",,,1054661,203532,35467,815662,47392,4295,5286,6710,47478,17180
"E12000008","South East","E10000014","Hampshire","E07000091","New Forest",,,1599094,315425,66509,1217160,70704,4461,8555,7774,65042,18713
"E12000008","South East","E10000014","Hampshire","E07000092","Rushmoor",,,754831,136512,20927,597392,32371,4217,3276,6388,32137,18589
"E12000008","South East","E10000014","Hampshire","E07000093","Test Valley",,,830752,202714,57055,570983,42228,4800,6327,9018,32005,17840
"E12000008","South East","E10000014","Hampshire","E07000094","Winchester",,,931992,195928,51624,684439,41032,4775,6117,8439,34824,19654
"E12000008","South East","E10000016","Kent","E07000105","Ashford",,,835313,122508,107478,605326,29425,4163,17115,6280,34884,17353
"E12000008","South East","E10000016","Kent","E07000106","Canterbury",,,1263927,162037,101309,1000580,42273,3833,17779,5698,53702,18632
"E12000008","South East","E10000016","Kent","E07000107","Dartford",,,788365,126595,44126,617644,30540,4145,7432,5937,34480,17913
"E12000008","South East","E10000016","Kent","E07000108","Dover",,,929831,121920,79874,728036,34008,3585,14352,5565,41766,17431
"E12000008","South East","E10000016","Kent","E07000109","Gravesham",,,832772,113867,62405,656500,28436,4004,11383,5482,36144,18163
"E12000008","South East","E10000016","Kent","E07000110","Maidstone",,,1266340,168857,123639,973845,40643,4155,20393,6063,52090,18695
"E12000008","South East","E10000016","Kent","E07000111","Sevenoaks",,,1071970,147022,114039,810910,30683,4792,16063,7099,37370,21699
"E12000008","South East","E10000016","Kent","E07000112","Shepway",,,885532,109168,100683,675680,29359,3718,17332,5809,38142,17715
"E12000008","South East","E10000016","Kent","E07000113","Swale",,,1090667,147066,98459,845143,36205,4062,17272,5700,48240,17520
"E12000008","South East","E10000016","Kent","E07000114","Thanet",,,1227251,148886,106373,971992,41191,3615,19992,5321,55304,17575
"E12000008","South East","E10000016","Kent","E07000115","Tonbridge and Malling",,,1013310,137314,89498,786498,31851,4311,14131,6333,41258,19063
"E12000008","South East","E10000016","Kent","E07000116","Tunbridge Wells",,,953797,116879,123473,713444,27284,4284,18358,6726,34956,20410
"E12000008","South East","E10000025","Oxfordshire","E07000177","Cherwell",,,1026359,214396,82860,729103,44853,4780,10264,8073,40948,17806
"E12000008","South East","E10000025","Oxfordshire","E07000178","Oxford",,,1169516,199667,50287,919562,48485,4118,7205,6979,50210,18314
"E12000008","South East","E10000025","Oxfordshire","E07000179","South Oxfordshire",,,1150042,237698,91731,820614,46355,5128,10870,8439,40766,20130
"E12000008","South East","E10000025","Oxfordshire","E07000180","Vale of White Horse",,,1013719,206993,57589,749137,43841,4721,6663,8643,38368,19525
"E12000008","South East","E10000025","Oxfordshire","E07000181","West Oxfordshire",,,811109,182161,59831,569116,38244,4763,6782,8822,28689,19837
"E12000008","South East","E10000030","Surrey","E07000207","Elmbridge",,,1454571,211267,81215,1162090,41047,5147,11725,6927,48475,23973
"E12000008","South East","E10000030","Surrey","E07000208","Epsom and Ewell",,,755041,101791,35324,617926,22800,4465,6041,5847,27375,22573
"E12000008","South East","E10000030","Surrey","E07000209","Guildford",,,1321827,190566,92778,1038483,40822,4668,13886,6681,49394,21024
"E12000008","South East","E10000030","Surrey","E07000210","Mole Valley",,,896449,115957,73506,706986,23906,4851,10426,7050,30390,23264
"E12000008","South East","E10000030","Surrey","E07000211","Reigate and Banstead",,,1373535,173482,96365,1103688,38153,4547,15539,6201,50149,22008
"E12000008","South East","E10000030","Surrey","E07000212","Runnymede",,,749437,122420,46193,580825,25386,4822,6935,6661,27617,21031
"E12000008","South East","E10000030","Surrey","E07000213","Spelthorne",,,894574,154852,35775,703947,35171,4403,5085,7035,35730,19702
"E12000008","South East","E10000030","Surrey","E07000214","Surrey Heath",,,896220,160673,19170,716376,31492,5102,2657,7215,31436,22788
"E12000008","South East","E10000030","Surrey","E07000215","Tandridge",,,847773,112222,72487,663065,23139,4850,9946,7288,28446,23310
"E12000008","South East","E10000030","Surrey","E07000216","Waverley",,,1266267,220435,54166,991666,43872,5024,6763,8009,43030,23046
"E12000008","South East","E10000030","Surrey","E07000217","Woking",,,888882,119480,77896,691505,25974,4600,12850,6062,33437,20681
"E12000008","South East","E10000032","West Sussex","E07000223","Adur",,,523340,57378,68428,397534,15175,3781,11894,5753,23798,16705
"E12000008","South East","E10000032","West Sussex","E07000224","Arun",,,1371522,213293,100157,1058071,52570,4057,15980,6268,57457,18415
"E12000008","South East","E10000032","West Sussex","E07000225","Chichester",,,911965,208445,83855,619666,43862,4752,9749,8601,33089,18727
"E12000008","South East","E10000032","West Sussex","E07000226","Crawley",,,827277,101038,68985,657254,26505,3812,13828,4989,38315,17154
"E12000008","South East","E10000032","West Sussex","E07000227","Horsham",,,1068425,157968,133756,776702,35327,4472,18838,7100,39652,19588
"E12000008","South East","E10000032","West Sussex","E07000228","Mid Sussex",,,1204789,153620,127503,923666,36109,4254,19804,6438,45960,20097
"E12000008","South East","E10000032","West Sussex","E07000229","Worthing",,,926815,106038,107305,713472,27635,3837,19137,5607,39988,17842
"E12000009","South West",,,"E06000022","Bath and North East Somerset",,,1508311,272841,93100,1142369,64407,4236,12421,7495,60076,19015
"E12000009","South West",,,"E06000023","Bristol, City of",,,3441041,603571,159772,2677698,157399,3835,23356,6841,153776,17413
"E12000009","South West",,,"E06000024","North Somerset",,,1686306,319546,82121,1284639,76158,4196,10834,7580,71777,17898
"E12000009","South West",,,"E06000025","South Gloucestershire",,,1995812,374926,124589,1496298,85945,4362,15982,7796,86332,17332
"E12000009","South West",,,"E06000026","Plymouth",,,1922013,377945,89255,1454813,97443,3879,14299,6242,97405,14936
"E12000009","South West",,,"E06000027","Torbay",,,1149779,203162,72544,874073,50867,3994,10532,6888,50203,17411
"E12000009","South West",,,"E06000028","Bournemouth",,,1569762,273519,97017,1199226,68469,3995,13841,7009,67470,17774
"E12000009","South West",,,"E06000029","Poole",,,1347919,245703,47715,1054501,59022,4163,6631,7196,58678,17971
"E12000009","South West",,,"E06000030","Swindon",,,1665544,311624,60194,1293726,76004,4100,8389,7175,74269,17419
"E12000009","South West",,,"E06000052","Cornwall",,,3175997,735706,665375,1774915,166845,4410,78015,8529,111704,15889
"E12000009","South West",,,"E06000053","Isles of Scilly",,,8763,4505,4258,.,752,5991,399,10671,.,.
"E12000009","South West",,,"E06000054","Wiltshire",,,3332237,758215,326376,2247645,162526,4665,35539,9184,122516,18346
"E12000009","South West","E10000008","Devon","E07000040","East Devon",,,1055198,207475,94919,752803,51113,4059,11405,8323,42324,17787
"E12000009","South West","E10000008","Devon","E07000041","Exeter",,,849813,157637,50816,641360,41353,3812,7700,6599,41351,15510
"E12000009","South West","E10000008","Devon","E07000042","Mid Devon",,,444984,112869,62798,269317,24748,4561,6958,9025,16547,16276
"E12000009","South West","E10000008","Devon","E07000043","North Devon",,,668557,139778,67607,461172,32911,4247,8201,8244,27014,17072
"E12000009","South West","E10000008","Devon","E07000044","South Hams",,,612119,134750,96611,380759,31476,4281,11355,8508,22335,17048
"E12000009","South West","E10000008","Devon","E07000045","Teignbridge",,,951232,194477,85769,670985,45531,4271,10652,8052,39240,17100
"E12000009","South West","E10000008","Devon","E07000046","Torridge",,,361548,94366,57603,209578,21583,4372,6723,8568,13048,16062
"E12000009","South West","E10000008","Devon","E07000047","West Devon",,,317458,81130,43937,192391,17694,4585,5014,8763,10590,18167
"E12000009","South West","E10000009","Dorset","E07000048","Christchurch",,,450017,79973,19769,350274,20049,3989,2809,7038,20054,17467
"E12000009","South West","E10000009","Dorset","E07000049","East Dorset",,,838192,158996,35203,643994,34041,4671,4390,8019,31359,20536
"E12000009","South West","E10000009","Dorset","E07000050","North Dorset",,,459792,113157,46618,300016,24838,4556,5270,8846,16943,17707
"E12000009","South West","E10000009","Dorset","E07000051","Purbeck",,,387319,77468,27240,282611,18705,4142,3363,8100,16386,17247
"E12000009","South West","E10000009","Dorset","E07000052","West Dorset",,,716069,162181,97592,456296,38421,4221,10876,8973,27429,16636
"E12000009","South West","E10000009","Dorset","E07000053","Weymouth and Portland",,,537978,101164,25577,411238,26401,3832,3820,6696,25727,15985
"E12000009","South West","E10000013","Gloucestershire","E07000078","Cheltenham",,,1001853,154553,73967,773333,37182,4157,10644,6949,45010,17181
"E12000009","South West","E10000013","Gloucestershire","E07000079","Cotswold",,,677797,150902,88413,438482,30045,5023,8937,9893,21537,20359
"E12000009","South West","E10000013","Gloucestershire","E07000080","Forest of Dean",,,543011,121789,71996,349227,25474,4781,7792,9240,18976,18404
"E12000009","South West","E10000013","Gloucestershire","E07000081","Gloucester",,,954126,164277,58601,731248,37422,4390,8746,6700,44215,16538
"E12000009","South West","E10000013","Gloucestershire","E07000082","Stroud",,,960313,164070,93252,702991,34515,4754,10911,8547,36974,19013
"E12000009","South West","E10000013","Gloucestershire","E07000083","Tewkesbury",,,656320,118200,54154,483966,25151,4700,6914,7832,27758,17435
"E12000009","South West","E10000027","Somerset","E07000187","Mendip",,,802167,172875,61436,567856,39425,4385,7257,8466,31875,17815
"E12000009","South West","E10000027","Somerset","E07000188","Sedgemoor",,,748689,171214,87061,490414,37880,4520,10581,8228,29778,16469
"E12000009","South West","E10000027","Somerset","E07000189","South Somerset",,,1068991,246460,141939,680592,54942,4486,16305,8705,40223,16920
"E12000009","South West","E10000027","Somerset","E07000190","Taunton Deane",,,804684,158912,72413,573358,38098,4171,9021,8027,34575,16583
"E12000009","South West","E10000027","Somerset","E07000191","West Somerset",,,221556,50604,47113,123839,11843,4273,5217,9031,7274,17025
,,,,"W06000001","Isle of Anglesey",,,433828,118403,60919,254506,26786,4420,6174,9867,14412,17659
,,,,"W06000002","Gwynedd",,,779979,185431,131334,463214,45024,4118,14184,9259,27343,16941
,,,,"W06000003","Conwy",,,1023530,186463,53906,783161,46777,3986,6446,8363,42488,18433
,,,,"W06000004","Denbighshire",,,777228,155950,44843,576436,36963,4219,4841,9263,31336,18395
,,,,"W06000005","Flintshire",,,1213988,248476,46260,919253,57975,4286,4867,9505,48606,18912
,,,,"W06000006","Wrexham",,,1086386,201966,49322,835098,49889,4048,5558,8874,45064,18531
,,,,"W06000008","Ceredigion",,,325846,91125,94774,139947,21541,4230,9821,9650,7756,18044
,,,,"W06000009","Pembrokeshire",,,816538,182391,82534,551612,45379,4019,9916,8323,30845,17883
,,,,"W06000010","Carmarthenshire",,,1229331,270263,67619,891449,70290,3845,7602,8895,45448,19615
,,,,"W06000011","Swansea",,,2190982,356115,43050,1791816,97791,3642,5847,7363,92846,19299
,,,,"W06000012","Neath Port Talbot",,,1310414,215629,15244,1079541,59961,3596,2128,7163,55186,19562
,,,,"W06000013","Bridgend",,,1321517,210576,17300,1093641,56124,3752,2499,6923,55604,19668
,,,,"W06000014","The Vale of Glamorgan",,,1122489,200553,29739,892197,49839,4024,4119,7220,47648,18725
,,,,"W06000015","Cardiff",,,2881279,486141,75948,2319191,128057,3796,11326,6706,128174,18094
,,,,"W06000016","Rhondda, Cynon, Taff",,,2334563,357801,21592,1955169,100408,3563,2816,7668,98000,19951
,,,,"W06000018","Caerphilly",,,1703999,264401,12739,1426860,72322,3656,1643,7753,70558,20223
,,,,"W06000019","Blaenau Gwent",,,760941,105947,4418,650576,30548,3468,559,7903,29769,21854
,,,,"W06000020","Torfaen",,,872448,140144,10946,721358,37130,3774,1586,6902,37418,19278
,,,,"W06000021","Monmouthshire",,,705582,143432,39530,522620,33836,4239,4648,8505,27425,19056
,,,,"W06000022","Newport",,,1285785,216354,28229,1041202,56615,3821,3876,7283,56002,18592
,,,,"W06000023","Powys",,,765665,197345,99052,469268,47414,4162,10297,9619,25366,18500
,,,,"W06000024","Merthyr Tydfil",,,601864,87126,4184,510554,24756,3519,545,7677,24448,20883